<?xml version="1.0" encoding="UTF-8" ?>


<schema name="example-data-driven-schema" version="1.6">
    
	<fields>
		<field name="id_sys" type="string" indexed="true" stored="true" required="true" multiValued="false"/>
		<field name="externalid_sys" type="string" indexed="true" stored="true" multiValued="false" />
		<field name="lastupdatetime_sys" type="date" indexed="true" stored="true"/>
		<field name="creationtime_sys" type="date" indexed="true" stored="true"/>
		<field name="expiringtime_sys" type="date" indexed="true" stored="true"/>
		<field name="contenttype_sys" type="string" indexed="true" stored="true"/>
		<field name="applicationdomainid_sys" type="string" indexed="true" stored="true"/> 
		<field name="_version_" type="long" indexed="false" stored="false"/>
		<field name="_root_" type="string" indexed="true" stored="false" docValues="false" />
		<field name="_text_" type="text_general" indexed="true" stored="false" multiValued="true"/>
	</fields>
	<!-- Only enabled in the "schemaless" data-driven example (assuming the client
         does not know what fields may be searched) because it's very expensive to index everything twice. -->
    <copyField source="*" dest="_text_"/>
    <uniqueKey>id_sys</uniqueKey>

    <types>
		<fieldType name="uuid" class="solr.UUIDField" />
		<fieldType name="string" class="solr.StrField" sortMissingLast="true" docValues="true" />
		<fieldType name="strings" class="solr.StrField" sortMissingLast="true" multiValued="true" docValues="true" />
		<fieldType name="boolean" class="solr.BoolField" sortMissingLast="true"/>
		<fieldType name="booleans" class="solr.BoolField" sortMissingLast="true" multiValued="true"/>
		<fieldType name="pint" class="solr.IntPointField" docValues="true"/>
		<fieldType name="pfloat" class="solr.FloatPointField" docValues="true"/>
		<fieldType name="plong" class="solr.LongPointField" docValues="true"/>
		<fieldType name="pdouble" class="solr.DoublePointField" docValues="true"/>
		<fieldType name="pints" class="solr.IntPointField" docValues="true" multiValued="true"/>
		<fieldType name="pfloats" class="solr.FloatPointField" docValues="true" multiValued="true"/>
		<fieldType name="plongs" class="solr.LongPointField" docValues="true" multiValued="true"/>
		<fieldType name="pdoubles" class="solr.DoublePointField" docValues="true" multiValued="true"/>
		<fieldType name="int" class="solr.TrieIntField" docValues="true" precisionStep="0" positionIncrementGap="0"/>
		<fieldType name="float" class="solr.TrieFloatField" docValues="true" precisionStep="0" positionIncrementGap="0"/>
		<fieldType name="long" class="solr.TrieLongField" docValues="true" precisionStep="0" positionIncrementGap="0"/>
		<fieldType name="double" class="solr.TrieDoubleField" docValues="true" precisionStep="0" positionIncrementGap="0"/>
		<fieldType name="ints" class="solr.TrieIntField" docValues="true" precisionStep="0" positionIncrementGap="0" multiValued="true"/>
		<fieldType name="floats" class="solr.TrieFloatField" docValues="true" precisionStep="0" positionIncrementGap="0" multiValued="true"/>
		<fieldType name="longs" class="solr.TrieLongField" docValues="true" precisionStep="0" positionIncrementGap="0" multiValued="true"/>
		<fieldType name="doubles" class="solr.TrieDoubleField" docValues="true" precisionStep="0" positionIncrementGap="0" multiValued="true"/>
		<fieldType name="tint" class="solr.TrieIntField" docValues="true" precisionStep="8" positionIncrementGap="0"/>
		<fieldType name="tfloat" class="solr.TrieFloatField" docValues="true" precisionStep="8" positionIncrementGap="0"/>
		<fieldType name="tlong" class="solr.TrieLongField" docValues="true" precisionStep="8" positionIncrementGap="0"/>
		<fieldType name="tdouble" class="solr.TrieDoubleField" docValues="true" precisionStep="8" positionIncrementGap="0"/>
		<fieldType name="tints" class="solr.TrieIntField" docValues="true" precisionStep="8" positionIncrementGap="0" multiValued="true"/>
		<fieldType name="tfloats" class="solr.TrieFloatField" docValues="true" precisionStep="8" positionIncrementGap="0" multiValued="true"/>
		<fieldType name="tlongs" class="solr.TrieLongField" docValues="true" precisionStep="8" positionIncrementGap="0" multiValued="true"/>
		<fieldType name="tdoubles" class="solr.TrieDoubleField" docValues="true" precisionStep="8" positionIncrementGap="0" multiValued="true"/>
		<fieldType name="pdate" class="solr.DatePointField" docValues="true"/>
		<fieldType name="pdates" class="solr.DatePointField" docValues="true" multiValued="true"/>
		<fieldType name="date" class="solr.TrieDateField" docValues="true" precisionStep="0" positionIncrementGap="0"/>
		<fieldType name="dates" class="solr.TrieDateField" docValues="true" precisionStep="0" positionIncrementGap="0" multiValued="true"/>
		<fieldType name="tdate" class="solr.TrieDateField" docValues="true" precisionStep="6" positionIncrementGap="0"/>
		<fieldType name="tdates" class="solr.TrieDateField" docValues="true" precisionStep="6" positionIncrementGap="0" multiValued="true"/>
		<fieldType name="binary" class="solr.BinaryField"/>
		<fieldType name="text_ws" class="solr.TextField" positionIncrementGap="100">
		  <analyzer>
			<tokenizer class="solr.WhitespaceTokenizerFactory"/>
		  </analyzer>
		</fieldType>
		<fieldType name="text_general" class="solr.TextField" positionIncrementGap="100" multiValued="true">
		  <analyzer type="index">
			<tokenizer class="solr.StandardTokenizerFactory"/>
			<filter class="solr.StopFilterFactory" ignoreCase="true" words="stopwords.txt" />
			<filter class="solr.LowerCaseFilterFactory"/>
		  </analyzer>
		  <analyzer type="query">
			<tokenizer class="solr.StandardTokenizerFactory"/>
			<filter class="solr.StopFilterFactory" ignoreCase="true" words="stopwords.txt" />
			<filter class="solr.SynonymGraphFilterFactory" synonyms="synonyms.txt" ignoreCase="true" expand="true"/>
			<filter class="solr.LowerCaseFilterFactory"/>
		  </analyzer>
		</fieldType>
	</types>
</schema>
