<dataConfig>
<propertyWriter  type="##propertywriterclass##" dateFormat="##dateformat##"/>
  <dataSource name="##datasource##" driver="##driver##" url="##url##" user="##username##" password="##password##" convertType="true"/>
  <document name="LOGSDOCS">
    <entity name="##entityname##" dataSource="##datasource##" query="##query##" transformer="${global.logtransformer.##vendor##}">
       <field column="ID" name="id"/>
	   
	   <field column="APPLICATIONDOMAINID" name="applicationdomainid"/>
	   <field column="LASTUPDATETIME" name="lastupdatetime"/>
	   <field column="CREATIONTIME" name="creationtime"/>
	   <field column="LOGTEXTID" name="logtextid"/>
	   <field column="LOGTOPLEVEL" name="logtoplevel"/>
	   <field column="LOGLEVEL" name="loglevel"/>
	   <field column="LOGTIME" name="logtime"/>
	   <field column="LOGVALUES" name="logvalues"/>
	   
	   <field column="TRACKERID" name="trackerid"/>
	   <field name="text" column="TEXT"/>
	   <field name="logmessage" column="logmessage"/>	   
    </entity>
  </document>
</dataConfig>