{
	"caching": {
		"doNotReloadResourceLatestVersionIdForSeconds": 10,
		"doNotReloadViewsForSeconds": 10
	},
	"DevicePreview": {
		"Enabled": true
	},
	"Design": {
		"Display": {
			"Version": true,
			"AllDropAreas": true
		},
		"PrintMode": {
			"Renderer": "canvas"
		}
	},
	"Mode": {
		"SelectionOnly": false
	},
	"ObjectTree": {
		"Enabled": true,
		"Display": {
			"Version": true,
			"AllDropAreas": true
		}
	},
	"Resources": {
		"Image" : {
			"Embed" : true
		},
		"Text": {
			"AutoEdit": true,
			"DefaultContent": "<p></p>",
			"Embed" : true
		},
		"STL": {
			"AutoEdit": true,
			"DefaultContent": "<stl:stl xmlns:stl=\"http://developer.opentext.com/schemas/storyteller/layout\" version=\"0.1\"><stl:document></stl:document></stl:stl>",
			"Embed" : true
		}
	},
	"Sidebar": {
		"Edit": {
			"Default": "resources"
		}
	},
	"allowedTypes": [
		"textfragment","EEA85989-E501-4B61-A219-6F81F69BBF8E",
		"image", "88C7C07A-B0C4-4F0B-A9CB-1065E997B728",
		"otmmimageobject", "B34B9A78-AAEA-46A5-AEFB-8FE41D287AAD",
		"otmmfolderobject", "468B6DAA-2616-4167-A2B9-19A2E925ABFB"
	]
}
