{
	"defaultUrl": "",
	"defaultDevice": "2",
	"groups": [
		{
			"id": "1",
			"name": "Phone",
			"devices": [
				{
					"id": 2,
					"name": "Apple iPhone 5S / SE",
					"width": 640,
					"height": 1136,
					"ratio": 2,
					"image": "images/phone.png",
					"frameSizeTop": 15,
					"frameSizeLeft": 15,
					"frameColor": "#ffffff",
					"frameBorderColor": "#cccccc",
					"frameBorderSize": 3,
					"orientation": 2,
					"type": "phone",
					"displaySize": 4
				},
				{
					"id": "3",
					"name": "Apple iPhone 6 / 6s / 7",
					"width": 750,
					"height": 1334,
					"ratio": 2,
					"image": "images/phone.png",
					"displaySize": 4.7,
					"frameSizeTop": 98,
					"frameSizeLeft": 16,
					"frameBorderColor": "#cccccc",
					"frameBorderSize": 3,
					"orientation": 2
				},
				{
					"id": "4",
					"name": "Apple iPhone 6 / 6s / 7 Plus",
					"width": 1080,
					"height": 1920,
					"ratio": 3,
					"image": "images/phone.png",
					"frameSizeTop": 15,
					"frameSizeLeft": 15,
					"frameColor": "#ffffff",
					"frameBorderColor": "#cccccc",
					"frameBorderSize": 3,
					"orientation": 2,
					"displaySize": 5.5
				},
				{
					"id": "5",
					"name": "BlackBerry Classic",
					"width": 720,
					"height": 720,
					"ratio": 1,
					"image": "images/phone.png",
					"frameSizeTop": 15,
					"frameSizeLeft": 15,
					"frameColor": "#ffffff",
					"frameBorderColor": "#cccccc",
					"frameBorderSize": 3,
					"orientation": 2,
					"displaySize": 3.5
				},
				{
					"id": "6",
					"name": "BlackBerry DTEK50",
					"width": 1080,
					"height": 1920,
					"ratio": 3,
					"image": "images/phone.png",
					"frameSizeLeft": 15,
					"frameColor": "#ffffff",
					"frameBorderColor": "#cccccc",
					"frameBorderSize": 3,
					"orientation": 2,
					"displaySize": 5.2
				},
				{
					"id": "7",
					"name": "BlackBerry Passport",
					"width": 1440,
					"height": 1440,
					"ratio": 3,
					"image": "images/phone.png",
					"frameSizeLeft": 15,
					"frameColor": "#ffffff",
					"frameBorderColor": "#cccccc",
					"frameBorderSize": 3,
					"orientation": 2,
					"displaySize": 4.5
				},
				{
					"id": "8",
					"name": "BlackBerry Priv",
					"width": 1440,
					"height": 2560,
					"ratio": 3,
					"image": "images/phone.png",
					"frameSizeLeft": 15,
					"frameColor": "#ffffff",
					"frameBorderColor": "#cccccc",
					"frameBorderSize": 3,
					"orientation": 2,
					"displaySize": 5.4
				},
				{
					"id": "10",
					"name": "HTC Desire 628",
					"width": 720,
					"height": 1280,
					"ratio": 2,
					"image": "images/phone.png",
					"frameSizeLeft": 15,
					"frameColor": "#ffffff",
					"frameBorderColor": "#cccccc",
					"frameBorderSize": 3,
					"orientation": 2,
					"displaySize": 5
				},
				{
					"id": "14",
					"name": "Huawei Mate S / P8 / P9 / P9 lite / P9 Plus",
					"width": 1080,
					"height": 1920,
					"ratio": 3,
					"image": "images/phone.png",
					"frameSizeLeft": 15,
					"frameColor": "#ffffff",
					"frameBorderColor": "#cccccc",
					"frameBorderSize": 3,
					"orientation": 2,
					"displaySize": 5.2
				},
				{
					"id": "15",
					"name": "LG G4 / G5 / G5SE",
					"width": 1440,
					"height": 2560,
					"ratio": 3,
					"image": "images/phone.png",
					"frameSizeLeft": 15,
					"frameColor": "#ffffff",
					"frameBorderColor": "#cccccc",
					"frameBorderSize": 3,
					"orientation": 2,
					"displaySize": 5.3
				},
				{
					"id": "16",
					"name": "LG X power",
					"width": 720,
					"height": 1280,
					"ratio": 2,
					"image": "images/phone.png",
					"frameSizeLeft": 15,
					"frameColor": "#ffffff",
					"frameBorderColor": "#cccccc",
					"frameBorderSize": 3,
					"orientation": 2,
					"displaySize": 5.3
				},
				{
					"id": "17",
					"name": "Microsoft Lumia 640 / 650",
					"width": 720,
					"height": 1280,
					"ratio": 2,
					"image": "images/phone.png",
					"frameSizeLeft": 15,
					"frameColor": "#ffffff",
					"frameBorderColor": "#cccccc",
					"frameBorderSize": 3,
					"orientation": 2,
					"displaySize": 5
				},
				{
					"id": "18",
					"name": "Microsoft Lumia 950",
					"width": 1440,
					"height": 2560,
					"ratio": 3,
					"image": "images/phone.png",
					"frameSizeLeft": 15,
					"frameColor": "#ffffff",
					"frameBorderColor": "#cccccc",
					"frameBorderSize": 3,
					"orientation": 2,
					"displaySize": 5.2
				},
				{
					"id": "20",
					"name": "Samsung Galaxy A8",
					"width": 1080,
					"height": 1920,
					"ratio": 3,
					"image": "images/phone.png",
					"frameSizeLeft": 15,
					"frameColor": "#ffffff",
					"frameBorderColor": "#cccccc",
					"frameBorderSize": 3,
					"orientation": 2,
					"displaySize": 5.7
				},
				{
					"id": "22",
					"name": "Samsung Galaxy S6 / S6 edge / S7",
					"width": 1440,
					"height": 2560,
					"ratio": 3,
					"image": "images/phone.png",
					"frameSizeLeft": 15,
					"frameColor": "#ffffff",
					"frameBorderColor": "#cccccc",
					"frameBorderSize": 3,
					"orientation": 2,
					"displaySize": 5.1
				},
				{
					"id": "25",
					"name": "Sony Xperia Z5 Compact",
					"width": 720,
					"height": 1280,
					"ratio": 2,
					"image": "images/phone.png",
					"frameSizeLeft": 15,
					"frameColor": "#ffffff",
					"frameBorderColor": "#cccccc",
					"frameBorderSize": 3,
					"orientation": 2,
					"displaySize": 4.6
				},
				{
					"id": "24",
					"name": "Sony Xperia Z5 Premium",
					"width": 2160,
					"height": 3840,
					"ratio": 4,
					"image": "images/phone.png",
					"frameSizeLeft": 15,
					"frameColor": "#ffffff",
					"frameBorderColor": "#cccccc",
					"frameBorderSize": 3,
					"orientation": 2,
					"displaySize": 5.5
				},
				{
					"id": "26",
					"name": "Sony Xperia XZ",
					"width": 1080,
					"height": 1920,
					"ratio": 3,
					"image": "images/phone.png",
					"frameSizeLeft": 15,
					"frameColor": "#ffffff",
					"frameBorderColor": "#cccccc",
					"frameBorderSize": 3,
					"orientation": 2,
					"displaySize": 5.2
				}
			],
			"defaultOrientation": 2
		},
		{
			"id": "27",
			"name": "Tablet",
			"devices": [
				{
					"id": "28",
					"name": "Apple iPad mini 4",
					"width": 2048,
					"height": 1536,
					"ratio": 2,
					"image": "images/tablet.png",
					"frameSizeTop": 10,
					"frameSizeLeft": 70,
					"frameColor": "#ffffff",
					"frameBorderColor": "#cccccc",
					"frameBorderSize": 3,
					"orientation": 1,
					"displaySize": 7.9
				},
				{
					"id": "51",
					"name": "Apple iPad Air 2",
					"width": 2048,
					"height": 1536,
					"ratio": 2,
					"image": "images/tablet.png",
					"frameSizeTop": 10,
					"frameSizeLeft": 70,
					"frameColor": "#ffffff",
					"frameBorderColor": "#cccccc",
					"frameBorderSize": 3,
					"orientation": 1,
					"displaySize": 9.7
				},
				{
					"id": "30",
					"name": "Apple iPad Pro 9,7",
					"width": 2048,
					"height": 1536,
					"ratio": 2,
					"image": "images/tablet.png",
					"frameSizeTop": 10,
					"frameSizeLeft": 70,
					"frameColor": "#ffffff",
					"frameBorderColor": "#cccccc",
					"frameBorderSize": 3,
					"orientation": 1,
					"displaySize": 9.7
				},
				{
					"id": "29",
					"name": "Apple iPad Pro 12,9",
					"width": 2732,
					"height": 2048,
					"ratio": 2,
					"image": "images/tablet.png",
					"frameSizeTop": 10,
					"frameSizeLeft": 70,
					"frameColor": "#ffffff",
					"frameBorderColor": "#cccccc",
					"frameBorderSize": 3,
					"orientation": 1,
					"displaySize": 12.9
				},
				{
					"id": "31",
					"name": "Huawei MediaPad T1 10",
					"width": 1280,
					"height": 800,
					"ratio": 1.5,
					"image": "images/tablet.png",
					"frameSizeTop": 10,
					"frameSizeLeft": 70,
					"frameColor": "#ffffff",
					"frameBorderColor": "#cccccc",
					"frameBorderSize": 3,
					"orientation": 1,
					"displaySize": 9.6
				},
				{
					"id": "32",
					"name": "Lenovo ThinkPad Tablet 2",
					"width": 1366,
					"height": 768,
					"ratio": 1,
					"image": "images/tablet.png",
					"frameSizeTop": 70,
					"frameSizeLeft": 70,
					"frameColor": "#ffffff",
					"frameBorderColor": "#cccccc",
					"frameBorderSize": 3,
					"orientation": 1,
					"displaySize": 10.1
				},
				{
					"id": "33",
					"name": "Microsoft Surface Pro 3",
					"width": 2160,
					"height": 1440,
					"ratio": 1.5,
					"image": "images/tablet.png",
					"frameSizeTop": 70,
					"frameSizeLeft": 70,
					"frameColor": "#ffffff",
					"frameBorderColor": "#cccccc",
					"frameBorderSize": 3,
					"orientation": 1,
					"displaySize": 12
				},
				{
					"id": "34",
					"name": "Samsung Galaxy Tab A 9.7 LTE",
					"width": 1024,
					"height": 768,
					"ratio": 1,
					"image": "images/tablet.png",
					"frameSizeTop": 10,
					"frameSizeLeft": 70,
					"frameColor": "#ffffff",
					"frameBorderColor": "#cccccc",
					"frameBorderSize": 3,
					"orientation": 1,
					"displaySize": 9.7
				},
				{
					"id": "35",
					"name": "Samsung Galaxy Tab S2 9.7 LTE",
					"width": 2048,
					"height": 1536,
					"ratio": 2,
					"image": "images/tablet.png",
					"frameSizeTop": 10,
					"frameSizeLeft": 70,
					"frameColor": "#ffffff",
					"frameBorderColor": "#cccccc",
					"frameBorderSize": 3,
					"orientation": 1,
					"displaySize": 9.7
				},
				{
					"id": "36",
					"name": "Sony Xperia Z4 Tablet",
					"width": 2560,
					"height": 1600,
					"ratio": 2,
					"image": "images/tablet.png",
					"frameSizeTop": 50,
					"frameSizeLeft": 70,
					"frameColor": "#ffffff",
					"frameBorderColor": "#cccccc",
					"frameBorderSize": 3,
					"orientation": 1,
					"displaySize": 10.1
				}
			],
			"defaultOrientation": 1
		},
		{
			"id": "37",
			"name": "Watch",
			"devices": [
				{
					"id": "38",
					"name": "Apple Watch (38mm)",
					"width": 272,
					"height": 340,
					"ratio": 1,
					"image": "images/tablet.png"
				},
				{
					"id": "39",
					"name": "Apple Watch (42mm)",
					"width": 312,
					"height": 390,
					"ratio": 1,
					"image": "images/tablet.png"
				},
				{
					"id": "40",
					"name": "Apple Watch Series 2 (38mm)",
					"width": 272,
					"height": 340,
					"ratio": 1,
					"image": "images/tablet.png"
				},
				{
					"id": "41",
					"name": "Apple Watch Series 2 (42mm)",
					"width": 312,
					"height": 390,
					"ratio": 1,
					"image": "images/tablet.png"
				},
				{
					"id": "42",
					"name": "LG Watch Urbane 2nd Edition",
					"width": 480,
					"height": 480,
					"ratio": 1,
					"image": "images/tablet.png"
				}
			],
			"defaultOrientation": 1
		},
		{
			"id": "43",
			"name": "Desktop",
			"devices": [
				{
					"id": "44",
					"name": "1024x768",
					"width": 1024,
					"height": 768,
					"ratio": 1,
					"image": "images/desktop.png",
					"frameSizeLeft": 15,
					"frameColor": "#ffffff",
					"frameBorderColor": "#cccccc",
					"frameBorderSize": 3,
					"orientation": 1,
					"displaySize": 17
				},
				{
					"id": "45",
					"name": "1280x800",
					"width": 1280,
					"height": 800,
					"ratio": 1,
					"image": "images/desktop.png",
					"frameSizeLeft": 15,
					"frameColor": "#ffffff",
					"frameBorderColor": "#cccccc",
					"frameBorderSize": 3,
					"orientation": 1,
					"displaySize": 17
				},
				{
					"id": "46",
					"name": "1280x1024",
					"width": 1280,
					"height": 1024,
					"ratio": 1,
					"image": "images/desktop.png",
					"frameSizeLeft": 15,
					"frameColor": "#ffffff",
					"frameBorderColor": "#cccccc",
					"frameBorderSize": 3,
					"orientation": 1,
					"displaySize": 17
				},
				{
					"id": "47",
					"name": "1366x768",
					"width": 1366,
					"height": 768,
					"ratio": 1,
					"image": "images/desktop.png",
					"frameSizeLeft": 15,
					"frameColor": "#ffffff",
					"frameBorderColor": "#cccccc",
					"frameBorderSize": 3,
					"orientation": 1,
					"displaySize": 17
				},
				{
					"id": "48",
					"name": "1680x1050",
					"width": 1680,
					"height": 1050,
					"ratio": 1,
					"image": "images/desktop.png",
					"frameSizeLeft": 15,
					"frameColor": "#ffffff",
					"frameBorderColor": "#cccccc",
					"frameBorderSize": 3,
					"orientation": 1,
					"displaySize": 17
				},
				{
					"id": "49",
					"name": "1920x1080",
					"width": 1920,
					"height": 1080,
					"ratio": 1,
					"image": "images/desktop.png",
					"frameSizeLeft": 15,
					"frameColor": "#ffffff",
					"frameBorderColor": "#cccccc",
					"frameBorderSize": 3,
					"orientation": 1,
					"displaySize": 17
				},
				{
					"id": "50",
					"name": "1920x1200",
					"width": 1920,
					"height": 1200,
					"ratio": 1,
					"image": "images/desktop.png",
					"frameSizeLeft": 15,
					"frameColor": "#ffffff",
					"frameBorderColor": "#cccccc",
					"frameBorderSize": 3,
					"orientation": 1,
					"displaySize": 17
				}
			],
			"defaultOrientation": 2
		}
	]
}