{
	"defaultUrl": "",
	"defaultDevice": "3",
	"groups": [
		{
			"id": "1",
			"name": "Phone",
			"devices": [
				{
					"id": 2,
					"name": "Apple iPhone 5S / SE",
					"width": 640,
					"height": 1136,
					"ratio": 2,
					"image": "images/phone.png",
					"frameSizeTop": 15,
					"frameSizeLeft": 15,
					"frameColor": "#ffffff",
					"frameBorderColor": "#cccccc",
					"frameBorderSize": 3,
					"orientation": 2,
					"type": "phone",
					"displaySize": 4
				},
				{
					"id": "3",
					"name": "Apple iPhone 6 / 6s / 7",
					"width": 750,
					"height": 1334,
					"ratio": 2,
					"image": "images/phone.png",
					"displaySize": 4.7,
					"frameSizeTop": 98,
					"frameSizeLeft": 16,
					"frameBorderColor": "#cccccc",
					"frameBorderSize": 3,
					"orientation": 2
				},
				{
					"id": "22",
					"name": "Samsung Galaxy S6 / S6 edge / S7",
					"width": 1440,
					"height": 2560,
					"ratio": 3,
					"image": "images/phone.png",
					"frameSizeLeft": 15,
					"frameColor": "#ffffff",
					"frameBorderColor": "#cccccc",
					"frameBorderSize": 3,
					"orientation": 2,
					"displaySize": 5.1
				}
			],
			"defaultOrientation": 2
		},
		{
			"id": "27",
			"name": "Tablet",
			"devices": [
				{
					"id": "37",
					"name": "Apple iPad Air 2",
					"width": 2048,
					"height": 1536,
					"ratio": 2,
					"image": "images/tablet.png",
					"frameSizeTop": 10,
					"frameSizeLeft": 70,
					"frameColor": "#ffffff",
					"frameBorderColor": "#cccccc",
					"frameBorderSize": 3,
					"orientation": 1,
					"displaySize": 9.7
				},
				{
					"id": "30",
					"name": "Apple iPad Pro 9,7",
					"width": 2048,
					"height": 1536,
					"ratio": 2,
					"image": "images/tablet.png",
					"frameSizeTop": 10,
					"frameSizeLeft": 70,
					"frameColor": "#ffffff",
					"frameBorderColor": "#cccccc",
					"frameBorderSize": 3,
					"orientation": 1,
					"displaySize": 9.7
				},
				{
					"id": "29",
					"name": "Apple iPad Pro 12,9",
					"width": 2732,
					"height": 2048,
					"ratio": 2,
					"image": "images/tablet.png",
					"frameSizeTop": 10,
					"frameSizeLeft": 70,
					"frameColor": "#ffffff",
					"frameBorderColor": "#cccccc",
					"frameBorderSize": 3,
					"orientation": 1,
					"displaySize": 12.9
				},
				{
					"id": "35",
					"name": "Samsung Galaxy Tab S2 9.7 LTE",
					"width": 2048,
					"height": 1536,
					"ratio": 2,
					"image": "images/tablet.png",
					"frameSizeTop": 10,
					"frameSizeLeft": 70,
					"frameColor": "#ffffff",
					"frameBorderColor": "#cccccc",
					"frameBorderSize": 3,
					"orientation": 1,
					"displaySize": 9.7
				}
			],
			"defaultOrientation": 1
		}
	]
}
