{
  "types": {
    "string": {
      "systype": "string"
    },
    "datetime": {
      "systype": "datetime"
    },
    "user": {
      "systype": "user"
    },
    "boolean": {
      "systype": "boolean",
      "enum": [
        {
          "value": "1",
          "localizationkey": "LABEL.TRUE"
        },
        {
          "value": "0",
          "localizationkey": "LABEL.FALSE"
        }
      ]
    },
    "boolstr": {
      "systype": "boolean",
      "enum": [
        {
          "value": "true",
          "localizationkey": "LABEL.TRUE"
        },
        {
          "value": "false",
          "localizationkey": "LABEL.FALSE"
        }
      ]
    },
    "content_type": {
      "systype": "string"
    },
    "rule": {
      "systype": "rule"
    },
    "integer": {
      "systype": "integer",
      "validator": "positiveInteger"
    },
    "numeric": {
      "systype": "float",
      "validator": "positiveFloat"
    },
    "latestversion": {
      "systype": "latestversion"
    },
		"scope": {
			"systype": "scope"
		},
    "unit": {
      "systype": "numericwithunit",
      "units": [
        {
          "value": "pt",
          "localizationkey": "UNIT.LABEL.PT"
        },
        {
          "value": "in",
          "localizationkey": "UNIT.LABEL.IN"
        },
        {
          "value": "mm",
          "localizationkey": "UNIT.LABEL.MM"
        },
        {
          "value": "px",
          "localizationkey": "UNIT.LABEL.PX"
        }
      ],
      "validator": "positiveFloat"
    },
    "start_position": {
      "systype": "enum",
      "enum": [
        {
          "value": "any",
          "localizationkey": "PROPERTY.LABEL.START_ANY"
        },
        {
          "value": "frame",
          "localizationkey": "PROPERTY.LABEL.START_FRAME"
        }
      ]
    },
    "placement": {
      "systype": "enum",
      "enum": [
        {
          "value": "paragraph",
          "localizationkey": "PROPERTY.LABEL.PLACEMENT_PARAGRAPH"
        },
        {
          "value": "inline",
          "localizationkey": "PROPERTY.LABEL.PLACEMENT_INLINE"
        }
      ]
    },
    "alignment": {
      "systype": "enum",
      "enum": [
        {
          "value": "left",
          "localizationkey": "PROPERTY.LABEL.ALIGNMENT_LEFT"
        },
        {
          "value": "center",
          "localizationkey": "PROPERTY.LABEL.ALIGNMENT_CENTER"
        },
        {
          "value": "right",
          "localizationkey": "PROPERTY.LABEL.ALIGNMENT_RIGHT"
        },
        {
          "value": "full",
          "localizationkey": "PROPERTY.LABEL.ALIGNMENT_FULL"
        }
      ]
    }
  },

  "validators" : {
    "greaterThan0Integer" : {
      "min" :	1,
      "errorMessageKey" : "VALIDATION_ERROR.GREATER_ZERO_INTEGER"
    },
    "positiveInteger" : {
      "min" :	0,
      "errorMessageKey" : "VALIDATION_ERROR.POSITIVE_INTEGER"
    },
    "negativeInteger" : {
      "max" :	-1,
      "errorMessageKey" : "VALIDATION_ERROR.NEGATIVE_INTEGER"
    },
    "integer" : {
      "min" :	-32767,
			"max" : 32767,
      "errorMessageKey" : "VALIDATION_ERROR.INTEGER"
    },
    "positiveFloat" : {
			"min" :	0,
      "errorMessageKey" : "VALIDATION_ERROR.POSITIVE_FLOAT"
    },
    "negativeFloat" : {
			"max" :	0,
      "errorMessageKey" : "VALIDATION_ERROR.NEGATIVE_FLOAT"
    },
    "float" : {
      "regex" :	"^-?(?:[0-9]*\\.[0-9]*|[0-9]*)$",
      "errorMessageKey" : "VALIDATION_ERROR.FLOAT"
    }
  },

  "properties": {
    "alt": {
      "type": "string",
      "localizationkey": "PROPERTY.LABEL.ALTERNATIVE_TEXT"
    },
    "keep_together": {
      "type": "boolean",
      "localizationkey": "PROPERTY.LABEL.KEEP_TOGETHER"
    },
    "keep_with_next": {
      "type": "boolean",
      "localizationkey": "PROPERTY.LABEL.KEEP_WITH_NEXT"
    },
    "keep_together_first": {
      "type": "integer",
      "localizationkey": "PROPERTY.LABEL.KEEP_TOGETHER_FIRST"
    },
    "keep_together_last": {
      "type": "integer",
      "localizationkey": "PROPERTY.LABEL.KEEP_TOGETHER_LAST"
    },
    "start_position": {
      "type": "start_position",
      "localizationkey": "PROPERTY.LABEL.KEEP_START_POSITION"
    },
    "spacebefore": {
      "type": "unit",
      "localizationkey": "PROPERTY.LABEL.SPACE_BEFORE"
    },
    "spaceafter": {
      "type": "unit",
      "localizationkey": "PROPERTY.LABEL.SPACE_AFTER"
    },
    "placement": {
      "type": "placement",
      "localizationkey": "PROPERTY.LABEL.PLACEMENT"
    },
    "alignment": {
      "type": "alignment",
      "localizationkey": "PROPERTY.LABEL.ALIGNMENT"
    },
    "leftindent": {
      "type": "unit",
      "localizationkey": "PROPERTY.LABEL.LEFTINDENT",
      "validator" : "float"
    },
    "exclusiverule": {
      "type": "boolstr",
      "localizationkey": "PROPERTY.LABEL.EXCLUSIVE_RULE"
    },
    "width": {
      "type": "unit",
      "localizationkey": "PROPERTY.LABEL.WIDTH",
      "validator": "greaterThan0Integer"
    },
    "height": {
      "type": "unit",
      "localizationkey": "PROPERTY.LABEL.HEIGHT",
      "validator": "greaterThan0Integer"
    }
  },

  "attributes": {
    "name": {
      "type": "string",
      "localizationkey": "ATTRIBUTE.LABEL.NAME"
    },
    "description": {
      "type": "string",
      "localizationkey": "ATTRIBUTE.LABEL.DESCRIPTION"
    },
    "type": {
      "type": "string",
      "localizationkey": "ATTRIBUTE.LABEL.TYPE"
    },
    "contentType": {
      "type": "content_type",
      "localizationkey": "ATTRIBUTE.LABEL.CONTENTTYPE"
    },
    "version": {
      "type": "integer",
      "localizationkey": "ATTRIBUTE.LABEL.VERSION"
    },
		"latestversion": {
			"type": "latestversion",
			"localizationkey": "ATTRIBUTE.LABEL.LATESTVERSION"
		},
		"scope": {
			"type": "scope",
			"localizationkey": "ATTRIBUTE.LABEL.SCOPE"
		},
    "creationTime": {
      "type": "datetime",
      "localizationkey": "ATTRIBUTE.LABEL.CREATIONTIME"
    },
    "createdBy": {
      "type": "user",
      "localizationkey": "ATTRIBUTE.LABEL.CREATEDBY"
    },
    "lastModificationTime": {
      "type": "datetime",
      "localizationkey": "ATTRIBUTE.LABEL.MODIFICATIONTIME"
    },
    "lastModifiedBy": {
      "type": "user",
      "localizationkey": "ATTRIBUTE.LABEL.MODIFIEDBY"
    },
    "lockingTime": {
      "type": "datetime",
      "localizationkey": "ATTRIBUTE.LABEL.LOCKINGTIME"
    },
    "lockedBy": {
      "type": "user",
      "localizationkey": "ATTRIBUTE.LABEL.LOCKEDBY"
    },
    "rule": {
      "type": "rule",
      "localizationkey": "ATTRIBUTE.LABEL.RULE"
    }
  },

  "categories": {
    "general": {
      "localizationkey": "CATEGORY.LABEL.GENERAL"
    },
    "defaults": {
      "localizationkey": "CATEGORY.LABEL.DEFAULTS"
    },
    "flowcontrol": {
      "localizationkey": "CATEGORY.LABEL.FLOWCONTROL"
    },
    "spacing": {
      "localizationkey": "CATEGORY.LABEL.SPACING"
    }
  },

  "objects": {
    "theme": [
      {
        "category": "general",
        "list": [
          { "attribute": "name" },
          { "attribute": "description" },
          { "attribute": "version" },
          { "attribute": "createdBy" },
          { "attribute": "creationTime" },
          { "attribute": "lastModificationTime" },
          { "attribute": "lockedBy" }
        ]
      },
      {
        "category": "defaults",
        "list": [
          { "property": "spacebefore" },
          { "property": "spaceafter" },
          { "property": "leftindent" }
        ]
      }
    ],
    "section": [
      {
        "category": "general",
        "list": [
          { "attribute": "name" },
          { "attribute": "description" },
          { "property": "exclusiverule" }
        ]
      }
    ],
    "group": [
      {
        "category": "general",
        "list": [
          { "attribute": "name" },
          { "attribute": "description" },
          { "attribute": "rule" },
          { "property": "exclusiverule" }
        ]
      },
      {
        "category": "flowcontrol",
        "list": [
          { "property": "start_position" },
          { "property": "keep_together" },
          { "property": "keep_with_next" }
        ]
      }
    ],
    "textfragment": [
      {
        "category": "general",
        "list": [
          { "attribute": "name" },
          { "attribute": "description" },
          { "attribute": "version" },
					{ "attribute": "latestversion" },
					{ "attribute": "scope" },
          { "attribute": "lastModificationTime" },
          { "attribute": "lockedBy" },
          { "attribute": "contentType" },
          { "attribute": "rule" }
        ]
      },
      {
        "category": "flowcontrol",
        "list": [
          { "property": "start_position" },
          { "property": "keep_together" },
          { "property": "keep_together_first" },
          { "property": "keep_together_last" },
          { "property": "keep_with_next" }
        ]
      },
      {
        "category": "spacing",
        "list": [
          { "property": "spacebefore" },
          { "property": "spaceafter" },
          { "property": "leftindent" },
          { "property": "alignment" }
        ]
      }
    ],
    "image": [
      {
        "category": "general",
        "list": [
          { "attribute": "name" },
          { "attribute": "description" },
          { "attribute": "version" },
					{ "attribute": "latestversion" },
					{ "attribute": "scope" },
      { "attribute": "lastModificationTime" },
          { "attribute": "lockedBy" },
          { "attribute": "contentType" },
          { "property": "alt" },
          { "attribute": "rule" }
        ]
      },
      {
        "category": "flowcontrol",
        "list": [
          { "property": "start_position" },
          { "property": "keep_with_next" }
        ]
      },
      {
        "category": "spacing",
        "list": [
          { "property": "width" },
          { "property": "height" },
          { "property": "spacebefore" },
          { "property": "spaceafter" },
          { "property": "leftindent" },
          { "property": "alignment" }
        ]
      }
    ],
		"otmmimageobject": [
			{
				"category": "general",
				"list": [
					{ "attribute": "name" },
					{ "attribute": "description" },
					{ "attribute": "version" },
					{ "attribute": "latestversion" },
					{ "attribute": "scope" },
					{ "attribute": "lastModificationTime" },
					{ "attribute": "lockedBy" },
					{ "attribute": "contentType" },
					{ "property": "alt" },
					{ "attribute": "rule" }
				]
			},
			{
				"category": "flowcontrol",
				"list": [
					{ "property": "start_position" },
					{ "property": "keep_with_next" }
				]
			},
			{
				"category": "spacing",
				"list": [
					{ "property": "width" },
					{ "property": "height" },
					{ "property": "spacebefore" },
					{ "property": "spaceafter" },
					{ "property": "leftindent" },
					{ "property": "alignment" }
				]
			}
		],
    "story": [
      {
        "category": "general",
        "list": [
          { "attribute": "name" },
          { "attribute": "description" },
          { "attribute": "rule" }
        ]
      }
    ]
  }
}
