{
	"types": {
		"string": {
			"systype": "string"
		},
		"integer": {
			"systype": "integer"
		},
		"double": {
			"systype": "float"
		}
	},
	"validators" : {
		"greaterThan0Integer" : {
			"min" : 1,
			"errorMessageKey" : "VALIDATION_ERROR.GREATER_ZERO_INTEGER"
		},
		"positiveInteger" : {
			"min" : 0,
			"errorMessageKey" : "VALIDATION_ERROR.POSITIVE_INTEGER"
		},
		"negativeInteger" : {
			"max" : -1,
			"errorMessageKey" : "VALIDATION_ERROR.NEGATIVE_INTEGER"
		},
		"integer" : {
			"min" : -32767,
			"max" : 32767,
			"errorMessageKey" : "VALIDATION_ERROR.INTEGER"
		},
		"positiveFloat" : {
			"min" : 0,
			"errorMessageKey" : "VALIDATION_ERROR.POSITIVE_FLOAT"
		},
		"negativeFloat" : {
			"max" : 0,
			"errorMessageKey" : "VALIDATION_ERROR.NEGATIVE_FLOAT"
		},
		"float" : {
			"regex" :	"^-?(?:[0-9]*\\.[0-9]*|[0-9]*)$",
			"errorMessageKey" : "VALIDATION_ERROR.FLOAT"
		},
		"emailaddress" : {
			"regex" : "^[a-zA-Z0-9.!#$%&’*+/=?^_`{|}~-]+@[a-zA-Z0-9-]+(?:\\.[a-zA-Z0-9-]+)*$",
			"errorMessageKey" : "VALIDATION_ERROR.EMAILADDRESS"
		},
		"age18to99" : {
			"min" : "18",
			"max" : "99",
			"errorMessageKey" : "VALIDATION_ERROR.AGE"
		}
	},
	"settings": {
		"customerName": {
			"guid": "F441E9B9-CBEE-42F0-98F0-1FA59E083088",
			"name": "Name",
			"displayName": "Name",
			"type": "string"
		},
		"customerEmail": {
			"guid": "C08926E2-111E-46AA-ACA6-878033830B01",
			"name": "Email",
			"displayName": "Email Address",
			"type": "string",
			"validator" : "emailaddress"
		}
	},
	"templates": {
		"TravelInsurance": {
			"groups": [
				{
					"name": "Customer",
					"settings": [
						"customerName",
						"customerEmail"
					]
				}
			]
		},
		"EmailBody": {
			"groups": [
				{
					"name": "Customer",
					"settings": [
						"customerName",
						"customerEmail"
					]
				}
			]
		},
		"InteractiveStatement": {
			"groups": [
				{
					"name": "Customer",
					"settings": [
						"customerName",
						"customerEmail"
					]
				}
			]
		}
	},
	"themes": {}
}
