{
	"types": {
		"string": {
			"systype": "string"
		},
		"integer": {
			"systype": "integer"
		},
		"double": {
			"systype": "float"
		},
		"gender": {
			"systype": "enum",
			"enum": [
				{
					"value": "female",
					"displayName": "female"
				},
				{
					"value": "male",
					"displayName": "male"
				}
			]
		}
	},
	"validators" : {
		"emailaddress" : {
			"regex" : "^[a-zA-Z0-9.!#$%&’*+/=?^_`{|}~-]+@[a-zA-Z0-9-]+(?:\\.[a-zA-Z0-9-]+)*$",
			"errorMessageKey" : "VALIDATION_ERROR.EMAILADDRESS"
		},
		"age18to99" : {
			"min" : "18",
			"max" : "99",
			"errorMessageKey" : "VALIDATION_ERROR.AGE"
		}
	},
	"settings": {
		"customerName": {
			"guid": "F441E9B9-CBEE-42F0-98F0-1FA59E083088",
			"name": "Name",
			"displayName": "Name",
			"type": "string"
		},
		"customerEmail": {
			"guid": "C08926E2-111E-46AA-ACA6-878033830B01",
			"name": "Email",
			"displayName": "Email Address",
			"type": "string",
			"validator" : "emailaddress"
		},
		"customerFirstName": {
			"guid": "473A7291-80BC-4F17-8DB6-3009B464A42F",
			"name": "firstName",
			"displayName": "First Name",
			"type": "string"
		},
		"customerLastName": {
			"guid": "1AF4CB5C-6439-42BE-93AC-A33C9F87CA10",
			"name": "lastName",
			"displayName": "Last Name",
			"type": "string"
		},
		"customerAge": {
			"guid": "7534D224-DEEA-446D-9692-C6EDB9BA120F",
			"name": "age",
			"displayName": "Age",
			"type": "integer",
			"validator": "age18to99"
		},
		"customerPostcode": {
			"guid": "A5D2A742-CCFF-4051-8AAA-DFA2FD293C71",
			"name": "postcode",
			"displayName": "Postcode",
			"type": "integer"
		},
		"preferredLanguage": {
			"guid": "1A4E7241-0418-4891-B3E8-6AA6B29CF1D2",
			"name": "language",
			"displayName": "Language",
			"type": "string"
		},
		"customerGender": {
			"guid": "6F1A6FE8-DE14-4FC6-8B6A-C284F5126723",
			"name": "gender",
			"displayName": "Gender",
			"type": "gender"
		},
		"type": {
			"guid": "C4C6A83C-19B6-445D-B9DC-47A044727BED",
			"name": "type",
			"displayName": "Type",
			"type": "string"
		},
		"orderCurrency": {
			"guid": "D7155BEB-38C3-4E48-909E-3C3492B50049",
			"name": "currency",
			"displayName": "Currency",
			"type": "string"
		},
		"orderTotal": {
			"guid": "0B38EA7C-37FA-474E-A191-CB051355F65B",
			"name": "total",
			"displayName": "Total",
			"type": "double"
		}
	},
	"templates": {
		"InteractiveStatement": {
			"groups": [
				{
					"name": "WebDoc",
					"settings": [
						"customerName",
						"customerEmail"
					]
				}
			]
		},
		"InvoiceDocument": {
			"versions": [
				{
					"version": "49",
					"groups": [
						{
							"name": "Customer",
							"settings": [
								"customerFirstName",
								"customerLastName",
								"customerAge",
								"customerPostcode"
							]
						},
						{
							"name": "Order",
							"settings": [
								"orderCurrency",
								"orderTotal"
							]
						}
					]
				},
				{
					"version": "50",
					"groups": [
						{
							"name": "Customer",
							"settings": [
								"customerFirstName",
								"customerLastName",
								"customerAge",
								"customerPostcode",
								"preferredLanguage",
								"customerGender",
								"type"
							]
						},
						{
							"name": "Order",
							"settings": [
								"orderCurrency",
								"orderTotal"
							]
						}
					]
				}
			]
		},
		"Default Template": {
			"groups": [
				{
					"name": "Customer",
					"settings": [
						"customerFirstName",
						"customerLastName"
					]
				}
			]
		}
	},
	"themes": {
		"ABF40590-0F54-B147-BDF6-3CB939E25474": {
			"groups": [
				{
					"name": "Customer",
					"settings": [
						"customerFirstName",
						"customerLastName",
						"customerAge"
					]
				},
				{
					"name": "Order",
					"settings": [
						"orderCurrency",
						"orderTotal"
					]
				}
			]
		},
		"Invoice": {
			"groups": [
				{
					"name": "Customer",
					"settings": [
						"customerFirstName",
						"customerLastName"
					]
				},
				{
					"name": "Order",
					"settings": [
						"orderCurrency",
						"orderTotal"
					]
				}
			]
		}
	}
}
