{
  "types": {
    "boolean": {
      "systype": "boolean",
      "enum": [
        {
          "value": "1",
          "localizationKey": "LABEL.TRUE"
        },
        {
          "value": "0",
          "localizationKey": "LABEL.FALSE"
        }
      ]
    },
    "boolstr": {
      "systype": "boolean",
      "enum": [
        {
          "key": "true",
          "localizationKey": "LABEL.TRUE"
        },
        {
          "key": "false",
          "localizationKey": "LABEL.FALSE"
        }
      ]
    },
    "content_type": {
      "systype": "string"
    },
    "unit": {
      "systype": "numericwithunit",
      "units": [
        {
          "value": "pt",
          "localizationKey": "UNIT.LABEL.PT"
        },
        {
          "value": "in",
          "localizationKey": "UNIT.LABEL.IN"
        },
        {
          "value": "mm",
          "localizationKey": "UNIT.LABEL.MM"
        },
        {
          "value": "px",
          "localizationKey": "UNIT.LABEL.PX"
        }
      ]
    },
    "string": {
      "systype": "string"
    },
    "datetime": {
      "systype": "datetime"
    },
    "user": {
      "systype": "user"
    },
    "integer": {
      "systype": "integer"
    },
    "double": {
      "systype": "double"
    },
    "latestversion": {
      "systype": "latestversion"
    }
  },
  "attributes": {
    "name": {
      "type": "string",
      "localizationkey": "ATTRIBUTE.LABEL.NAME"
    },
    "description": {
      "type": "string",
      "localizationkey": "ATTRIBUTE.LABEL.DESCRIPTION"
    },
    "state": {
      "type": "string",
      "localizationkey": "ATTRIBUTE.LABEL.STATE"
    },
    "stateComment": {
      "type": "string",
      "localizationkey": "ATTRIBUTE.LABEL.STATECOMMENT"
    },
    "type": {
      "type": "string",
      "localizationkey": "ATTRIBUTE.LABEL.TYPE"
    },
    "contentType": {
      "type": "content_type",
      "localizationkey": "ATTRIBUTE.LABEL.CONTENTTYPE"
    },
    "version": {
      "type": "integer",
      "localizationkey": "ATTRIBUTE.LABEL.VERSION"
    },
    "latestversion": {
      "type": "latestversion",
      "localizationkey": "ATTRIBUTE.LABEL.LATESTVERSION"
    },
    "latestVersionId": {
      "type": "string",
      "localizationkey": "ATTRIBUTE.LABEL.LATESTVERSION_ID"
    },
    "latestapprovedversion": {
      "type": "latestversion",
      "localizationkey": "ATTRIBUTE.LABEL.LATEST_APPROVED_VERSION"
    },
    "latestApprovedVersionId": {
      "type": "string",
      "localizationkey": "ATTRIBUTE.LABEL.LATEST_APPROVED_VERSION_ID"
    },
    "creationTime": {
      "type": "datetime",
      "localizationkey": "ATTRIBUTE.LABEL.CREATIONTIME"
    },
    "createdBy": {
      "type": "user",
      "localizationkey": "ATTRIBUTE.LABEL.CREATEDBY"
    },
    "lastModificationTime": {
      "type": "datetime",
      "localizationkey": "ATTRIBUTE.LABEL.MODIFICATIONTIME"
    },
    "lastModifiedBy": {
      "type": "user",
      "localizationkey": "ATTRIBUTE.LABEL.MODIFIEDBY"
    },
    "lockingTime": {
      "type": "datetime",
      "localizationkey": "ATTRIBUTE.LABEL.LOCKINGTIME"
    },
    "lockedBy": {
      "type": "user",
      "localizationkey": "ATTRIBUTE.LABEL.LOCKEDBY"
    }
  },
  "properties": {
    "width": {
      "type": "unit",
      "localizationKey": "PROPERTY.LABEL.WIDTH"
    },
    "height": {
      "type": "unit",
      "localizationKey": "PROPERTY.LABEL.HEIGHT"
    }
  },
  "categories": {
    "general": {
      "localizationKey": "CATEGORY.LABEL.GENERAL"
    },
    "Version": {
      "localizationKey": "CATEGORY.LABEL.VERSION"
    }
  },
  "objects": {
    "flowmodel": [
      {
        "category": "general",
        "list": [
          {
            "attribute": "name"
          },
          {
            "attribute": "description"
          },
          {
            "attribute": "version"
          },
          {
            "attribute": "state"
          },
          {
            "attribute": "stateComment"
          }
        ]
      }
    ],
    "input": [
      {
        "category": "general",
        "list": [
          {
            "attribute": "type"
          }
        ]
      }
    ],
    "communication": [
      {
        "category": "general",
        "list": [
          {
            "attribute": "type"
          }
        ]
      }
    ],
    "output": [
      {
        "category": "general",
        "list": [
          {
            "attribute": "type"
          }
        ]
      }
    ],
    "decider": [
      {
        "category": "general",
        "list": [
          {
            "attribute": "type"
          }
        ]
      }
    ],
    "connection": [
      {
        "category": "general",
        "list": [
          {
            "attribute": "name"
          },
          {
            "attribute": "type"
          }
        ]
      }
    ]
  }
}
