<?xml version="1.0"?>
<cc-web-app xmlns:xsi="http://www.w3.org/2001/XMLSchema-instance"
              xsi:noNamespaceSchemaLocation="../xsd/cc-webapp-config.xsd">
    <!-- we can specify multiple mgw-url -->
    <mgw-urls>
        <!-- we can specify multiple mgw-url -->
        <mgw-url>https://localhost:28400/management/rest/v1/servicegateways</mgw-url>
        <!--<mgw-url>https://localhost:29400/management/rest/v1/servicegateways</mgw-url>
        <mgw-url>https://localhost:30800/management/rest/v1/servicegateways</mgw-url>
        -->
    </mgw-urls>
    <storyboard-url>http://localhost:8080/documentdefinitioneditor</storyboard-url>
	<supervisor-url>http://localhost:8080/supervisor</supervisor-url>
    <retouch-url>http://localhost:8080/retouch</retouch-url>
	<workshop-url>http://localhost:8080/workshop</workshop-url>	
	<ruleeditor-url>http://localhost:8080/ruleeditor</ruleeditor-url>	   
	<writer-url>http://localhost:8080/writer</writer-url>
    <bca-url>http://localhost:8080/contentauthor</bca-url>
    <orchestrator-url>http://localhost:8080/orchestrator</orchestrator-url>

	
    <!-- use url-mappings to create friendly urls -->
    <!--<url-mappings>
      <url-mapping>
           <url-pattern>tenant1</url-pattern>
           <tenant>9B4AAD3B-E870-1E45-A5A8-B28A3A62C3A7</tenant>
           <domain>C8138B90-9AAE-8C44-9D70-F015CC6277E1</domain>
       </url-mapping>
       <url-mapping>
           <url-pattern>tenant2</url-pattern>
           <tenant>9B4AAD3B-E870-1E45-A5A8-B28A3A62C3A7</tenant>
           <domain>C8138B90-9AAE-8C44-9D70-F015CC6277E1</domain>
       </url-mapping>

    </url-mappings>-->
	<deployment-type>dev</deployment-type>
</cc-web-app>