<?xml version="1.0" encoding="UTF-8"?>
<description xmlns="http://openoffice.org/extensions/description/2006" xmlns:d="http://openoffice.org/extensions/description/2006"  xmlns:xlink="http://www.w3.org/1999/xlink">

    <version value="0.5" />
    <identifier value="spanish.es_ES.dicts.from.rla-es" />

    <display-name>
        <name lang="es">Español (España): Ortografía, separación y sinónimos</name>
    </display-name>

    <platform value="all" />

    <dependencies>
        <OpenOffice.org-minimal-version value="3.0" d:name="OpenOffice.org 3.0" />
    </dependencies>

    <icon>
        <default xlink:href="España.png" />
    </icon>

    <publisher>
        <name xlink:href="https://forja.rediris.es/projects/rla-es/" lang="es">rla-es</name>
    </publisher>

</description>
