<dataConfig>
<propertyWriter  type="##propertywriterclass##" dateFormat="##dateformat##"/>
  <dataSource name="##datasource##" driver="##driver##" url="##url##" user="##username##" password="##password##" convertType="true"/>
  <document  name="RESOURCES">
    <entity name="##entityname##" dataSource="##datasource##" query="##query##"  transformer="${global.resourcestransformer.##vendor##}">  
       <field column="TYPEID" name="typeid"/>
       <field column="ID" name="id"/>	  
       <field column="LOGICID" name="logicid"/>	  
       <field column="VERSION" name="version" /> 
	   <field column="TYPEID" name="typeid" />
	   <field column="REVISION" name="revision" />  
	   <field column="NAME" name="name"/>
	   <field column="DESCRIPTION" name="description" />
	   <field column="LASTUPDATETIME" name="lastupdatetime" />
	   <field column="LOCKEDBY" name="lockedby" />
	   <field column="CREATEDBYPRINCIPAL" name="createdbyprincipal" />
	   <field column="CREATIONTIME" name="creationtime" />
	   <field column="CONTENT" name="content" />
	   <field column="BINARYCONTENT" name="binarycontent" blob="true"/>
	   <field column="LARGEOBJECTCONTENT" name="locontent" blob="true"/>
	   <field column="STORAGECOMPONENTTYPEID" name="storagecomponenttypeid"/>
	   <field column="APPLICATIONDOMAINIDLIST" name="applicationdomainidlist" />
	   <field column="CATEGORIES" name="categories" />
    </entity>
  </document>
</dataConfig>